Year,Tsu,Location Name,Latitude,Longitude,Focal Depth (km),Mag
1674,Terjadi Tsunami,"INDONESIA:  AMBON ISLAND, SERAM ISLAND",-3.75,127.75,40,6.8
1815,Terjadi Tsunami,INDONESIA:  BALI,-8,115,150,7
1818,Terjadi Tsunami,INDONESIA:  SUMBAWA ISLAND:  BIMA,-7,117,600,8.5
1820,Terjadi Tsunami,INDONESIA:  SULAWESI:  MAKASAR,-7,119,80,7.5
1823,Terjadi Tsunami,INDONESIA:  JAVA,-6.5,108.5,150,6.8
1833,Terjadi Tsunami,INDONESIA:  SUMATRA:  BENGKULU,-2.5,100.5,75,8.3
1837,Terjadi Tsunami,INDONESIA:  BANDA ATJEH,5.5,96,100,7.3
1840,Terjadi Tsunami,INDONESIA:  JAVA:  PURWOREJO,-8,110.5,150,7
1843,Terjadi Tsunami,SW. SUMATRA,1.5,98,70,7.3
1852,Terjadi Tsunami,INDONESIA:  JAVA: DJAKARTA; SUMATRA: TELUKBETUNG,-6.5,105.5,150,6.5
1852,Terjadi Tsunami,INDONESIA:  MALUKU:  BANDANAIRA,-5.25,129.75,100,8.3
1857,Terjadi Tsunami,"INDONESIA:  TIMOR ISLAND::  DILHI, GERA",-8,115.5,50,7
1861,Terjadi Tsunami,"INDONESIA:  LAGUNDI, SIMUK, TELLO I",-1,97.5,70,8.5
1861,Terjadi Tsunami,INDONESIA:  SW. SUMATRA,0.009,98,20,7
1861,Terjadi Tsunami,INDONESIA:  SW. SUMATRA,1,97.5,70,7
1876,Terjadi Tsunami,"INDONESIA:  BURU ISLAND, CERAM SEA",-3,127.25,50,6.8
1889,Terjadi Tsunami,INDONESIA:  N. MOLUCCAS ISLANDS,1,126.25,70,8
1891,Terjadi Tsunami,TIMOR SEA,-9,124,80,7
1892,Terjadi Tsunami,INDONESIA: SERAM ISLAND,-3,127.75,70,7
1896,Terjadi Tsunami,"INDONESIA:  SW. SUMATRA, JAVA",-3.5,102.5,130,6.8
1897,Terjadi Tsunami,INDONESIA:  KAJUADI ISLAND,-6.8,120.8,15,5.5
1900,Terjadi Tsunami,INDONESIA:  NW. IRIAN JAYA,-4,140,33,6.9
1903,Terjadi Tsunami,"INDONESIA:  TIFU, MASARETE, KAJELI",-3,127.5,33,6.5
1905,Tidak Terjadi Tsunami,INDONESIA:  MINAHASSA PENINSULA,1,123,90,8.4
1907,Terjadi Tsunami,"INDONESIA:  NW SUMATRA:  GUNUNGSITOLi, BARUS",2.681,95.53,50,8.2
1907,Terjadi Tsunami,INDONESIA:  TALAUD ISLANDS:  KARAKELONG ISLAND,3,122,500,7.3
1907,Tidak Terjadi Tsunami,INDONESIA:  DJAILOLO GILOLO,1,127,200,7.9
1908,Terjadi Tsunami,SW. SUMATRA,-2,100,130,7.5
1909,Terjadi Tsunami,"INDONESIA:  SW SUMATRA:  KERINTJI, REDJANGLEBONG",-2,101,40,7.6
1913,Terjadi Tsunami,INDONESIA:  SANGIHE ISLAND,5.354,126.121,15,7.8
1914,Terjadi Tsunami,INDONESIA:  NEW GUINEA:  IRIAN JAYA:  JAPEN,-1.829,136.943,15,8.1
1914,Terjadi Tsunami,INDONESIA:  SUMATERA,-3.924,101.82,35,7.6
1916,Tidak Terjadi Tsunami,INDONESIA:  NEW GUINEA:  IRIAN JAYA,-3,136,30,8.1
1916,Tidak Terjadi Tsunami,INDONESIA:  NEW GUINEA:  IRIAN JAYA,-3,135.5,16,8.1
1916,Tidak Terjadi Tsunami,INDONESIA:  JAVA,-9,113,100,7.3
1917,Tidak Terjadi Tsunami,INDONESIA:  BANDA SEA,-7.5,128,100,7.8
1918,Tidak Terjadi Tsunami,INDONESIA:  BANDA SEA,-7,129,190,8.1
1930,Terjadi Tsunami,JAVA-S. JAVA SEA,-5.6,105.3,33,6
1930,Terjadi Tsunami,S. JAVA SEA,-9.3,114.3,100,6.5
1933,Tidak Terjadi Tsunami,INDONESIA:  S SUMATERA,-5.151,104.528,20,7.5
1933,Tidak Terjadi Tsunami,INDONESIA:  S SUMATERA,-5.007,104.501,20,5.8
1935,Terjadi Tsunami,"INDONESIA:  N SUMATERA:  BATU I,PADANG,SIBOLGA",0,98.25,33,7.9
1936,Terjadi Tsunami,INDONESIA:  TALAUD ISLANDS,4.5,126.5,60,7.7
1937,Tidak Terjadi Tsunami,"INDONESIA:  JAVA:  JOGYAKARTA:  KLUMPIT,PRAMBANAN",-9.4,110.2,70,7.2
1938,Terjadi Tsunami,INDONESIA:  NEW GUINEA,-5.25,130.5,25,8.5
1939,Terjadi Tsunami,"INDONESIA:  CENTRTAL SULAWESI:  KALO,LUWUK,SULA I",0,123,150,8
1942,Tidak Terjadi Tsunami,INDONESIA:  MINAHASSA PENINSULA,0,124,120,7.5
1943,Tidak Terjadi Tsunami,INDONESIA:  S SUMATERA,-1,101,50,7.6
1943,Tidak Terjadi Tsunami,INDONESIA:   JAVA:  JOGYAKARTA,-9.5,110,90,8.1
1943,Tidak Terjadi Tsunami,INDONESIA:  NEW GUINEA:  IRIAN JAYA:  ARU ISLANDS,-6,134.5,60,7.6
1944,Tidak Terjadi Tsunami,INDONESIA:  FLORES,-8.5,123.5,220,7.5
1948,Tidak Terjadi Tsunami,INDONESIA:  SERAM,-3,127.5,60,7.9
1950,Terjadi Tsunami,INDONESIA:  SERAM,-3.8,128.3,60,7.6
1950,Tidak Terjadi Tsunami,INDONESIA:  BANDA SEA,-6.5,129.5,60,8.1
1956,Tidak Terjadi Tsunami,INDONESIA:  BANDA SEA,-5.5,130,190,7.5
1957,Tidak Terjadi Tsunami,INDONESIA:  JAVA SEA,-4.6,107.1,600,7.5
1957,Terjadi Tsunami,INDONESIA:  NEW GUINEA:  IRIAN JAYA,-1.5,137,33,7.3
1958,Terjadi Tsunami,INDONESIA:  SUMATRA:  BENGKULU,-4.5,104,200,6.7
1958,Tidak Terjadi Tsunami,INDONESIA:  JAVA:  MALANG,-9.5,112.5,100,6.7
1961,Tidak Terjadi Tsunami,INDONESIA:  FLORES:  ENDEH,-8.2,122,74,6.5
1963,Tidak Terjadi Tsunami,INDONESIA:  BALI,-8.2,115.6,65,6
1963,Tidak Terjadi Tsunami,INDONESIA:  BANDA SEA,-6.86,129.58,100,8.3
1963,Terjadi Tsunami,"INDONESIA:  JAVA:  LABUHAN, MENES, PONOROGO",-6.4,105.4,64,6.6
1964,Tidak Terjadi Tsunami,INDONESIA:  SULAWESI:  PINRANG,-3.7,119.4,90,5.2
1964,Terjadi Tsunami,INDONESIA:  BANDA ACEH,5.9,95.7,130,7
1965,Terjadi Tsunami,INDONESIA:  SANANA ISLAND,-2.4,126.1,6,7.6
1967,Tidak Terjadi Tsunami,"INDONESIA:  JAVA:  DAMPIT,GONDANG,TRENGGALEK",-9.2,113.1,80,6.8
1967,Terjadi Tsunami,INDONESIA:  MAKASSAR STRAIT,-3.7,119.3,33,5.5
1967,Terjadi Tsunami,"INDONESIA-MALAYSIA:  N SUMATERA,MALAY PENINSULA",5.5,97.3,100,6.1
1968,Tidak Terjadi Tsunami,INDONESIA:  NEW GUINEA:  IRIAN JAYA,-2.9,139.3,65,7.7
1968,Terjadi Tsunami,"INDONESIA:  MOLUCCA ISLANDS: MANADO, CELEBES",1.4,126.2,25,7.6
1968,Terjadi Tsunami,"INDONESIA:  SULAWESI:  TAMBU,COAST OF MAPAGA",0.2,119.8,23,7.4
1969,Tidak Terjadi Tsunami,"INDONESIA:  TALAUD ISLANDS, MINDANAO, VISAYAN",4.8,127.4,70,7.5
1969,Terjadi Tsunami,"INDONESIA:  SULAWESI:  PARASANGA, PALETOANG",-3.1,118.9,13,7.4
1969,Tidak Terjadi Tsunami,INDONESIA:  OFF NW COAST SUMATERA,2.1,94.6,20,7.7
1971,Tidak Terjadi Tsunami,"INDONESIA:  NEW GUINEA: IRIAN JAYA:DJAJAPURA,SENTANI",-3.1,139.7,34,8.1
1971,Tidak Terjadi Tsunami,"INDONESIA:  NATAL, SIBOLGA, TARUTUNG, PASAMAN",0.6,98.8,40,7.1
1971,Tidak Terjadi Tsunami,"INDONESIA:  JAVA:  BUARAN,BANTAR KAWSUN,JIPANG",-7.2,109.1,35,5.2
1972,Tidak Terjadi Tsunami,INDONESIA:  CELEBES SEA,3.9,124.3,325,7.8
1975,Tidak Terjadi Tsunami,INDONESIA:  JAVA,-6.7,106.7,27,5.6
1976,Tidak Terjadi Tsunami,INDONESIA:  NEW GUINEA:  IRIAN JAYA,-4.603,140.091,33,7.1
1976,Tidak Terjadi Tsunami,INDONESIA:  BALI,-8.17,114.888,40,6.5
1976,Tidak Terjadi Tsunami,INDONESIA:  NEW GUINEA:  IRIAN JAYA:  JAYAWIJAYA,-4.517,139.918,33,7.1
1977,Tidak Terjadi Tsunami,"INDONESIA:  BALI: KAYUBIHI,BANJAR ANTUGAN JEHEM",-8.22,115.19,33,5.2
1977,Tidak Terjadi Tsunami,"INDONESIA:  SUMATERA,SINURAT,TALU",0.45,100.02,22,6
1977,Terjadi Tsunami,INDONESIA:  SUNDA ISLANDS,-11.085,118.464,33,8
1979,Tidak Terjadi Tsunami,INDONESIA:  BALI,-8.299,115.934,43,5.4
1979,Tidak Terjadi Tsunami,INDONESIA:  SUMBAWA ISLAND,-8.207,115.949,25,5.8
1979,Terjadi Tsunami,INDONESIA:  NEW GUINEA:  IRIAN JAYA,-1.679,136.04,5,7.9
1979,Tidak Terjadi Tsunami,INDONESIA:  SUMBAWA ISLAND,-8.254,115.847,38,6.2
1979,Tidak Terjadi Tsunami,INDONESIA:  JAVA,-7.656,108.252,62,6.1
1979,Tidak Terjadi Tsunami,INDONESIA:  S SUMATERA,-3.299,102.712,33,6.6
1979,Tidak Terjadi Tsunami,"INDONESIA:  SUMBAWA ISLAND:  BALI, LOMBOK",-8.39,115.889,33,6.3
1980,Tidak Terjadi Tsunami,INDONESIA:  JAVA:  TASIKMALAJA,-8.082,108.793,84,5.8
1981,Tidak Terjadi Tsunami,INDONESIA:  NEW GUINEA:  IRIAN JAYA: JAYAWIJAYA MTS,-4.576,139.232,33,6.7
1982,Tidak Terjadi Tsunami,"INDONESIA:  JAVA, SUKABUMI",-6.863,106.936,40,5.5
1982,Terjadi Tsunami,INDONESIA:  NORTHERN SUMATERA,4.374,97.755,52,5.4
1982,Terjadi Tsunami,INDONESIA:  SUMBAWA ISLAND REGION,-9.265,118.479,33,6.4
1982,Tidak Terjadi Tsunami,INDONESIA:  FLORES ISLANDS:  RUTENG,-8.375,120.577,46,5.6
1982,Terjadi Tsunami,INDONESIA:  FLORES ISLAND:  EASTERN,-8.405,123.08,33,5.9
1983,Terjadi Tsunami,INDONESIA:  BANDA SEA,-4.056,127.924,17,6.5
1983,Tidak Terjadi Tsunami,INDONESIA:  SUMATERA:  BANDA ACEH,5.723,94.722,79,6.6
1983,Tidak Terjadi Tsunami,INDONESIA:  CELEBES:  MINAHASSA:  TOLITOLI,1.084,121.052,40,6
1983,Tidak Terjadi Tsunami,INDONESIA:  CENTRAL SULAWESI,1.131,120.858,33,6.1
1984,Terjadi Tsunami,INDONESIA:  SULAWESI:  W,-2.823,118.806,33,6.6
1984,Tidak Terjadi Tsunami,INDONESIA:  N SUMATERA:  TARUTUNG,1.761,99.075,33,5.2
1985,Terjadi Tsunami,"INDONESIA:  DENPASAR, BALI",-9.245,114.185,99,6.2
1985,Tidak Terjadi Tsunami,INDONESIA:  NEW GUINEA:  IRIAN JAYA:  ENAROTALI,-4.13,136.049,10,6.3
1985,Tidak Terjadi Tsunami,INDONESIA:  NEW GUINEA:  IRIAN JAYA:  MANOKWARI,-1.639,134.911,10,7.1
1986,Tidak Terjadi Tsunami,"INDONESIA:  SUMATERA:  S, HAHAT, MUARAENIM",-3.904,103.461,33,5
1987,Tidak Terjadi Tsunami,"INDONESIA:  SUMATERA:  N, TARUTUNG-LAKE TOBA,",2.244,98.866,11,6.6
1987,Terjadi Tsunami,"INDONESIA:  TIMOR:  PANTAR, MOUNT SIRUNG",-8.247,124.155,33,6.5
1989,Tidak Terjadi Tsunami,"INDONESIA:  MOLUCCA PASSAGE:  MOROTAI, TANAWANGU",1.031,126.189,32,5.6
1989,Tidak Terjadi Tsunami,INDONESIA:  TIMOR:  ALOR,-8.081,125.129,10,6.2
1989,Tidak Terjadi Tsunami,"INDONESIA:  KURIMA DISTRICT, BALIEM RIVER",-4.511,139.022,14,5.8
1989,Tidak Terjadi Tsunami,INDONESIA:  TEMBAGAPURA,-4.219,136.667,9,6
1990,Tidak Terjadi Tsunami,INDONESIA:  MINAHASSA PENINSULA: BOLAANG-GORONTALO,1.186,122.857,26,7.6
1990,Tidak Terjadi Tsunami,"INDONESIA:  JAVA:  W, KUNINGAN, MAJALENGA",-6.904,108.12,14,4.8
1990,Tidak Terjadi Tsunami,"INDONESIA:   N SUMATERA, BLANGKEJEREN, KUTACANE",3.908,97.457,48,6.8
1991,Tidak Terjadi Tsunami,"INDONESIA:  MINAHASSA:  GORONTALO, MAMADO",1.196,122.787,31,7.5
1991,Tidak Terjadi Tsunami,"INDONESIA:  TIMOR:  KALABAHI, DILI",-8.099,124.681,29,6.5
1992,Tidak Terjadi Tsunami,"INDONESIA:  JAWA, BREBES",-7.138,109.067,58,4.4
1992,Terjadi Tsunami,"INDONESIA:  FLORES REGION, MAUMERE, BABI",-8.48,121.896,28,7.8
1994,Terjadi Tsunami,INDONESIA:  KAU,1.015,127.733,20,7
1994,Tidak Terjadi Tsunami,"INDONESIA:  SOUTHERN SUMATERA, LIWA, LAMPUNG",-4.967,104.302,23,6.9
1994,Terjadi Tsunami,INDONESIA:  JAVA,-10.477,112.835,18,7.8
1994,Terjadi Tsunami,INDONESIA:  JAVA,-10.362,112.892,26,6.6
1994,Terjadi Tsunami,INDONESIA:  JAVA,-10.777,113.366,11,6.5
1994,Terjadi Tsunami,INDONESIA:  JAVA,-10.341,113.369,17,6.1
1994,Terjadi Tsunami,INDONESIA:  HALMAHERA,-1.258,127.98,17,6.8
1995,Tidak Terjadi Tsunami,INDONESIA:  IRIAN JAYA REGION,-4.183,135.109,33,6.9
1995,Terjadi Tsunami,"INDONESIA:  TIMOR, DILI, MALIANA, MAUBARA",-8.452,125.049,13,6.9
1995,Tidak Terjadi Tsunami,"INDONESIA:  SUMATERA, JAMBI PROVINCE",-2.045,101.436,33,6.8
1996,Terjadi Tsunami,"INDONESIA:  SULAWESI: MINAHASSA PENINSULA, TOLITOLI",0.729,119.931,24,7.9
1996,Terjadi Tsunami,"INDONESIA:  NEW GUINEA:  IRIAN JAYA:  BIAK, SUPIORI",-0.891,136.952,33,8.2
1997,Tidak Terjadi Tsunami,"INDONESIA:  N. SUMATERA, ACEH, BANDA ACEH, MEDAN",4.358,96.494,33,6
1997,Tidak Terjadi Tsunami,"INDONESIA:  SULAWESI, PAREPARE",-3.776,119.727,33,5.9
1997,Tidak Terjadi Tsunami,"INDONESIA:  SULAWESI:  MINAHASSA PENINSULA,GORONTALO",1.241,122.536,24,7
1998,Tidak Terjadi Tsunami,"INDONESIA:  JAWA, MALANG, BLITAR, BANTUR",-8.194,112.413,152,6.6
1998,Terjadi Tsunami,"INDONESIA:  MANGOLE, MANADO, TALIABU",-2.071,124.891,33,7.7
1999,Tidak Terjadi Tsunami,"INDONESIA:  PANDEGLANG, W JAWA, SE SUMATERA",-6.845,105.555,56,6.5
2000,Terjadi Tsunami,"INDONESIA:  SULAWESI:  LUWUK, BANGGAI, PELENG,",-1.105,123.573,26,7.6
2000,Tidak Terjadi Tsunami,"INDONESIA:  SUMATRA:  BENGKULU, ENGGANO",-4.721,102.087,33,7.9
2000,Tidak Terjadi Tsunami,INDONESIA:  SOUTHERN SUMATERA:  LAHAT,-4.612,101.905,33,6.7
2000,Tidak Terjadi Tsunami,"INDONESIA: JAWA:BANDUNG,CIBADAK,CIMANDIRI,KADUDAMPIT",-6.675,106.845,33,5.4
2001,Tidak Terjadi Tsunami,INDONESIA:  BANDA SEA,-4.102,123.907,33,7.5
2002,Tidak Terjadi Tsunami,INDONESIA:   SULAWESI:  TOJO,-1.196,121.333,10,6.2
2002,Tidak Terjadi Tsunami,INDONESIA:  NEW GUINEA:  IRIAN JAYA:  RANSIKI,-1.68,134.234,10,6.4
2002,Terjadi Tsunami,"INDONESIA: NEW GUINEA: MANOKWARI, ORANSBARI, RANSIKI",-1.757,134.297,10,7.6
2002,Tidak Terjadi Tsunami,INDONESIA:  SUMATERA:  SIMEULUE,2.824,96.085,30,7.3
2003,Tidak Terjadi Tsunami,INDONESIA:  SUMBAWA ISLAND:  DOMPU,-8.807,118.524,33,5.5
2003,Tidak Terjadi Tsunami,"INDONESIA:  JAVA:  CARACAS, CILIMUS, SAMPORA",-6.983,108.468,33,4.6
2003,Tidak Terjadi Tsunami,INDONESIA:  FLORES:  REO,-8.294,120.743,33,6.5
2003,Tidak Terjadi Tsunami,"INDONESIA:  MOROTAI, BEREBERE, DARUBA",2.354,128.855,31,7
2003,Tidak Terjadi Tsunami,INDONESIA:  HALMAHERA:  WASILE,1.142,128.152,10,6
2003,Tidak Terjadi Tsunami,"INDONESIA:  FLORES, RUTENG",-8.137,120.524,33,4.9
2004,Tidak Terjadi Tsunami,"INDONESIA:  BALI, LOMBOK",-8.31,115.788,45,5.8
2004,Terjadi Tsunami,INDONESIA:  SERAM,-3.12,127.4,17,6.7
2004,Tidak Terjadi Tsunami,INDONESIA:  NABIRE,-3.615,135.538,17,7
2004,Tidak Terjadi Tsunami,INDONESIA:  NABIRE,-4.003,135.023,10,7.3
2004,Tidak Terjadi Tsunami,INDONESIA:  SUMATRA:  PADANGPANJANG,-0.466,100.655,56,5.1
2004,Tidak Terjadi Tsunami,INDONESIA:  SUMATRA:  PESISIR SELATAN,-1.559,100.488,42,6
2004,Tidak Terjadi Tsunami,INDONESIA:  SUMATRA:  PADANG,-1.549,100.54,66,5.4
2004,Tidak Terjadi Tsunami,INDONESIA:  BALI,-8.669,114.65,96,5.5
2004,Tidak Terjadi Tsunami,INDONESIA:  TIMOR: KUPANG,-9.362,122.839,66,6.7
2004,Terjadi Tsunami,INDONESIA:  KEPULAUAN ALOR,-8.152,124.868,10,7.5
2004,Tidak Terjadi Tsunami,INDONESIA:  NABIRE,-3.609,135.404,10,7.1
2004,Terjadi Tsunami,INDONESIA:  SUMATRA:  ACEH:  OFF WEST COAST,3.316,95.854,30,9.1
2005,Tidak Terjadi Tsunami,INDONESIA:  SULAWESI:  PALU,-1.198,119.933,11,6.3
2005,Tidak Terjadi Tsunami,INDONESIA:  JAVA:  GARUT,-7.037,107.819,15,4.8
2005,Terjadi Tsunami,INDONESIA:  SUMATERA:  SW,2.085,97.108,30,8.6
2005,Terjadi Tsunami,INDONESIA:  PADANG,-1.644,99.607,19,6.7
2005,Tidak Terjadi Tsunami,INDONESIA:  SUMATRA:  NIAS ISLAND:  GUNUNGSITOLI,1.819,97.082,21,6.7
2005,Tidak Terjadi Tsunami,INDONESIA:  SULAWESI:  DONGGALA,-1.174,119.963,32,5.9
2005,Tidak Terjadi Tsunami,INDONESIA:  TIMOR:  TIMOR TENGAH UTARA,-9.948,124.48,10,5.3
2006,Tidak Terjadi Tsunami,INDONESIA:  BANDA SEA,-5.473,128.131,397,7.6
2006,Terjadi Tsunami,INDONESIA:  SERAM,-3.595,127.214,30,6.7
2006,Tidak Terjadi Tsunami,INDONESIA:  N. SUMATRA: TAPAKTUAN,3.462,97.224,30,5
2006,Tidak Terjadi Tsunami,INDONESIA:  SUMATRA:  KALIANDAK,-5.575,105.395,17,5.5
2006,Tidak Terjadi Tsunami,"INDONESIA:   JAVA:  BANTUL, YOGYAKARTA",-7.961,110.446,13,6.3
2006,Terjadi Tsunami,INDONESIA:  JAVA,-9.254,107.411,34,7.7
2006,Tidak Terjadi Tsunami,INDONESIA:  SULAWESI: PINRANG,-3.728,119.233,31,5.2
2006,Tidak Terjadi Tsunami,INDONESIA:  HALMAHERA:  MOROTAI,2.52,128.283,39,6.2
2006,Tidak Terjadi Tsunami,INDONESIA:  SUMABAWA:  BIMA,-8.251,118.777,43,6.3
2006,Tidak Terjadi Tsunami,"INDONESIA:  SUMATERA:  NORTHERN, MUARASIPONGI",0.626,99.859,30,5.8
2007,Tidak Terjadi Tsunami,INDONESIA:  MOLUCCA ISLANDS:  N,1.065,126.282,22,7.5
2007,Tidak Terjadi Tsunami,INDONESIA:  SUMATRA:  SOUTHERN,-0.493,100.498,19,6.4
2007,Tidak Terjadi Tsunami,INDONESIA: LABUHA,-1.065,127.343,24,6.1
2007,Tidak Terjadi Tsunami,INDONESIA:  MALUKU:  N,2.872,127.464,25,6.9
2007,Tidak Terjadi Tsunami,INDONESIA:  JAVA,-5.968,107.655,289,7.5
2007,Tidak Terjadi Tsunami,INDONESIA:  SITUBONDO,-7.783,114.338,35,4.8
2007,Terjadi Tsunami,INDONESIA:  SUMATRA,-4.438,101.367,34,8.4
2007,Tidak Terjadi Tsunami,INDONESIA:  SUMATRA,-2.625,100.841,35,7.9
2007,Tidak Terjadi Tsunami,INDONESIA:  SUMBAWA ISLAND,-8.277,118.339,35,6.5
2008,Tidak Terjadi Tsunami,"INDONESIA: NEW GUINEA: MANOKWARI,",-0.795,134.012,12,5.9
2008,Tidak Terjadi Tsunami,INDONESIA:  SUMATRA:  NIAS ISLAND:  GUNUNGSITOLI,1.011,97.442,20,6.1
2008,Tidak Terjadi Tsunami,INDONESIA:  SUMATERA:  ACEH PROVINCE,2.768,95.964,26,7.4
2008,Terjadi Tsunami,INDONESIA:  SUMATRA:  PADANG,-2.486,99.972,25,6.5
2008,Tidak Terjadi Tsunami,INDONESIA:  SUMATRA:  SOUTHERN,-3.935,103.058,25,5.4
2008,Terjadi Tsunami,INDONESIA:  MINAHASSA PENINSULA,1.271,122.091,30,7.3
2009,Terjadi Tsunami,PAPUA NEW GUINEA:  NEAR NORTH COAST,-0.414,132.885,17,7.6
2009,Terjadi Tsunami,PAPUA NEW GUINEA:  NEAR NORTH COAST,-0.691,133.305,23,7.3
2009,Terjadi Tsunami,INDONESIA:  KEPULAUAN TALAUD,3.884,126.397,22,7.2
2009,Terjadi Tsunami,INDONESIA:  SUMATRA:  PADANG,-1.479,99.49,20,6.7
2009,Terjadi Tsunami,INDONESIA:  JAVA,-7.782,107.297,46,7
2009,Tidak Terjadi Tsunami,INDONESIA:  BALI:  DENPASAR,-9.138,115.593,79,5.7
2009,Terjadi Tsunami,INDONESIA:  SUMATRA:  PADANG,-0.72,99.867,81,7.5
2009,Tidak Terjadi Tsunami,INDONESIA:  SUMATRA:  SOUTHERN:  KERINCI,-2.515,101.501,10,6.6
2009,Tidak Terjadi Tsunami,INDONESIA:  SUMABAWA:  BIMA,-8.207,118.631,18,6.6
2010,Tidak Terjadi Tsunami,INDONESIA:  JAVA:  GARUT,-7.907,107.879,65,5.1
2010,Terjadi Tsunami,INDONESIA:  SUMATRA,2.383,97.048,31,7.8
2010,Tidak Terjadi Tsunami,INDONESIA:  N. SUMATRA: SIMEULUE ISLAND,3.748,96.018,38,7.2
2010,Tidak Terjadi Tsunami,INDONESIA: NEW GUINEA:  IRIAN JAYA: JAPEN,-2.174,136.543,18,7
2010,Terjadi Tsunami,INDONESIA:  SUMATRA,-3.487,100.082,20,7.8
2011,Tidak Terjadi Tsunami,INDONESIA:   SULAWESI:  KENDARI,-4.586,122.771,8,6.1
2011,Tidak Terjadi Tsunami,INDONESIA:  SUMATRA,2.965,97.893,91,6.7
2012,Terjadi Tsunami,INDONESIA:  N SUMATRA:  OFF WEST COAST,2.327,93.063,20,8.6
2012,Terjadi Tsunami,INDONESIA:  N SUMATRA:  OFF WEST COAST,0.802,92.463,25,8.2
2012,Tidak Terjadi Tsunami,INDONESIA:  JAVA,-7.692,106.371,50,5.8
2012,Tidak Terjadi Tsunami,INDONESIA: BANDA ACEH,2.707,96.045,22,6.5
2012,Tidak Terjadi Tsunami,"INDONESIA:  SULAWESI:  SIGI, PARIGI MOUNTONG",-1.315,120.096,10,6.3
2013,Tidak Terjadi Tsunami,INDONESIA:  SUMATERA:  N,4.927,95.907,12,6.1
2013,Tidak Terjadi Tsunami,INDONESIA:  LOMBOK ISLAND,-8.305,116.058,47,5.1
2013,Tidak Terjadi Tsunami,INDONESIA:  BANDA ACEH,4.645,96.665,13,6.1
2013,Tidak Terjadi Tsunami,INDONESIA:  JAVA,-8.803,113.002,60,5.7
2013,Tidak Terjadi Tsunami,INDONESIA:  BANDA ACEH,5.103,95.971,10,5.5
2014,Tidak Terjadi Tsunami,INDONESIA:  JAVA:  BANYUMAS,-7.986,109.265,66,6.1
2014,Terjadi Tsunami,INDONESIA:  N. MOLUCCAS ISLANDS,1.893,126.522,45,7.1
2015,Tidak Terjadi Tsunami,INDONESIA:  PAPUA,-2.629,138.528,48,7
2015,Tidak Terjadi Tsunami,INDONESIA:  SORONG,-0.59,131.27,10,6.6
2015,Tidak Terjadi Tsunami,INDONESIA:  EAST NUSA TENGGARA:  ALOR,-8.338,124.875,20,6.5
2016,Tidak Terjadi Tsunami,"INDONESIA: MALUKU:  BURU, AMBALAU ISLAND",-3.873,127.229,4,5.6
2016,Terjadi Tsunami,INDONESIA: SUMATRA:,-4.952,94.33,24,7.8
2016,Tidak Terjadi Tsunami,INDONESIA:  SUMATRA:  PESISIR SELATAN,-2.097,100.665,50,6.6
2016,Tidak Terjadi Tsunami,INDONESIA:  MALUKU:  TERNATE ISLAND,1.279,126.371,31,6.3
2016,Tidak Terjadi Tsunami,INDONESIA:  SUMBAWA ISLAND:  WEST NUSA TENGGARA,-8.194,117.814,21,5.6
2016,Tidak Terjadi Tsunami,INDONESIA:  SUMATRA:  ACEH:  PIDIE JAYA,5.283,96.168,13,6.5
2017,Tidak Terjadi Tsunami,INDONESIA:  BALI,-8.492,115.323,112,5.6
2017,Tidak Terjadi Tsunami,INDONESIA:  SULAWESI:  POSO,-1.292,120.431,12,6.6
2017,Tidak Terjadi Tsunami,INDONESIA:  MALUKU:  AMBON,-3.745,127.752,6,6.1
2017,Tidak Terjadi Tsunami,INDONESIA: NORTH MALUKU: MOROTAI,2.465,128.148,8,5.8
2017,Tidak Terjadi Tsunami,INDONESIA:  JAVA,-7.492,108.174,90,6.5
2018,Tidak Terjadi Tsunami,INDONESIA:  JAVA:  BANTEN,-7.092,105.963,48,5.9
2018,Tidak Terjadi Tsunami,INDONESIA:  JAVA:  BANJARNEGARA,-7.248,109.654,10,4.5
2018,Tidak Terjadi Tsunami,"INDONESIA:  MADURA ISLAND, JAVA",-7.001,113.888,10,4.6
2018,Tidak Terjadi Tsunami,INDONESIA: SUMATRA: SOLOK,-0.969,100.769,10,5.2
2018,Terjadi Tsunami,INDONESIA:  LOMBOK ISLAND,-8.24,116.508,14,6.4
2018,Terjadi Tsunami,INDONESIA:  LOMBOK ISLAND,-8.258,116.438,34,6.9
2018,Tidak Terjadi Tsunami,INDONESIA:  LOMBOK ISLAND,-8.307,116.23,15,5.9
2018,Terjadi Tsunami,INDONESIA:  LOMBOK ISLAND,-8.337,116.599,16,6.3
2018,Tidak Terjadi Tsunami,INDONESIA:  LOMBOK ISLAND,-8.319,116.627,21,6.9
2018,Tidak Terjadi Tsunami,INDONESIA:  SULAWESI,-0.401,119.771,4,6.1
2018,Terjadi Tsunami,INDONESIA:  SULAWESI,-0.256,119.846,20,7.5
2018,Tidak Terjadi Tsunami,"INDONESIA:  MADURA ISLAND, JAVA",-7.453,114.455,9,6
2018,Tidak Terjadi Tsunami,INDONESIA:  SULAWESI:  MAMASA,-2.907,119.392,14,5.5
2019,Tidak Terjadi Tsunami,INDONESIA: SUMATRA: SOLOK,-1.301,101.601,10,5.4
2019,Tidak Terjadi Tsunami,INDONESIA:  LOMBOK ISLAND,-8.418,116.52,24,5.5
2019,Tidak Terjadi Tsunami,INDONESIA:  SULAWESI ISLAND: LUWUK,-1.852,122.553,18,6.8
2019,Tidak Terjadi Tsunami,INDONESIA:  MOLUCCA ISLANDS:  N,-0.529,128.093,10,7.3
2019,Tidak Terjadi Tsunami,INDONESIA:  JAVA:  BANTEN,-7.267,104.825,53,6.9
2019,Tidak Terjadi Tsunami,INDONESIA:  MALUKU:  AMBON,-3.45,128.347,18,6.5
2019,Tidak Terjadi Tsunami,INDONESIA:  PASSO,-3.65,128.216,54,5
2019,Tidak Terjadi Tsunami,INDONESIA:  MALUKU:  AMBON,-3.61,128.299,50,5
2019,Terjadi Tsunami,INDONESIA:  MOLUCCA ISLANDS:  N,1.6,126.416,33,7.1
2020,Tidak Terjadi Tsunami,"INDONESIA:  JAVA:  SUKABUMI, BOGOR",-6.808,106.676,23,5
2020,Tidak Terjadi Tsunami,INDONESIA: NORTH MALUKU: MOROTAI,2.923,128.248,107,6.4
2021,Tidak Terjadi Tsunami,"INDONESIA:  SULAWESI:  MAMUJU, MAJENE",-2.976,118.901,18,6.2
2021,Tidak Terjadi Tsunami,"INDONESIA: JAVA: LUMAJANG, MALANG",-8.562,112.519,82,6
2021,Terjadi Tsunami,INDONESIA: MALUKU,-3.593,129.503,10,5.8
2021,Tidak Terjadi Tsunami,INDONESIA: CENTRAL SULAWESI: TOJO UNA-UNA,-0.854,121.523,8,5.5
2021,Tidak Terjadi Tsunami,"INDONESIA: BALI: KARANGASEM, BANGLI",-8.356,115.458,10,5.1
